{
    "deploymentSelection": "lit-core + lit-node",
    "deployNodeConfig": {
        "environment": "dev",
        "networkName": "localchain",
        "newOwnerAddress": "0x4259E44670053491E7b4FE4A120C70be1eAD646b",
        "numberOfNodeWallets": 3,
        "resolverContractAddress": "TBD",
        "useLitCoreDeploymentResolverContractAddress": true,
        "outputTempFilePath": "./deployed-lit-node-contracts-temp.json",
        "copyNodeConfigsToRustProject": true,
        "ipAddresses": [
            "127.0.0.1:7470",
            "127.0.0.1:7471",
            "127.0.0.1:7472"
        ],
        "keyTypes": [
            1,
            2
        ]
    },
    "deployCoreConfig": {
        "environment": "dev",
        "networkName": "localchain",
        "subnetOwnerAddress": "0xB77AEBbC262Bb809933D991A919A0e4A6A3b2f65",
        "subnetAdminPublicKey": "0x045f96e860435fccf287d9c2592fa129edfca7159c8dd2260cf2def38a9d5ee627ba73afef636467bc95fe551f10c862e910f18eafb751226d6901eab7d5b2794a",
        "subnetProvAddress": "0x3324439C8b9181eF07D54030E32d2CD22FF0C6A7",
        "outputTempFilePath": "./deployed-lit-core-contracts-temp.json"
    }
}