[
  {
    "inputs": [
      {
        "internalType": "address",
        "name": "_consumer",
        "type": "address"
      },
      {
        "internalType": "address",
        "name": "_provider",
        "type": "address"
      },
      {
        "internalType": "uint32",
        "name": "_planId",
        "type": "uint32"
      }
    ],
    "name": "getActiveSubscriptionCount",
    "outputs": [
      {
        "internalType": "uint256",
        "name": "",
        "type": "uint256"
      }
    ],
    "stateMutability": "view",
    "type": "function"
  }
]
